nome,genero,idade,pais
joao carvalho,M,43,brasil
josefino montenegro,M,28,brasil
andré gastão,M,33,brasil
freya marquis,F,30,brasil
foo bar,F,16,brasil
Maria Cecilia,F,16,brasil
Heloisa silva,F,28,brasil
Cecilia Pereira,F,34,brasil
João Miguel Alves,M,39,brasil
Ravi Ferreira,M,24,brasil
Gabriel oliveira,M,39,brasil
Bernardo Silva,M,30,brasil
Samuel Rodrigues,M,30,brasil
Davi souza,M,20,brasil
Laura Gomes,F,51,brasil
Tulio Santos,M,34,brasil
Alice Oliveira,F,39,brasil
Heitor Ribeiro,M,34,brasil
Helena jesus,F,24,brasil
Maite santos,F,36,brasil
