Max Shields,0,M,Estados Unidos
Jacob Ortiz,0,M,Estados Unidos
Johnnie Cunningham,0,M,Estados Unidos
Hipolito Hartman,0,M,Estados Unidos
Roman Gillespie,0,M,Estados Unidos
Avery Kerr,0,M,Estados Unidos
Trinidad Bray,0,M,Estados Unidos
Ron Sims,0,M,Estados Unidos
Efren Duran,0,M,Estados Unidos
Zack Meyer,0,M,Estados Unidos
Jose Thornton,0,M,Estados Unidos
Rudy Velazquez,0,M,Estados Unidos
Marco Marquez,0,M,Estados Unidos
Garret Armstrong,0,M,Estados Unidos
Philip Howard,0,M,Estados Unidos
Sung Powell,0,M,Estados Unidos
Lauren Decker,0,M,Estados Unidos
Devon Medina,0,M,Estados Unidos
Demetrius Cowan,0,M,Estados Unidos
Steve Barrett,0,M,Estados Unidos
Judson Bryan,0,M,Estados Unidos
Earle Andersen,0,M,Estados Unidos
Jordan Trevino,0,M,Estados Unidos
Neville Estrada,0,M,Estados Unidos
Kenton Whitaker,0,M,Estados Unidos
Wilmer Sweeney,0,M,Estados Unidos
Beau Martinez,0,M,Estados Unidos
Kirby Horne,0,M,Estados Unidos
Robbie Church,0,M,Estados Unidos
Ted Mcgrath,0,M,Estados Unidos
Malcom Garza,0,M,Estados Unidos
Trent Briggs,0,M,Estados Unidos
Quentin Glenn,0,M,Estados Unidos
Angel Munoz,0,M,Estados Unidos
Jay Juarez,0,M,Estados Unidos
Booker Stevenson,0,M,Estados Unidos
Merle Humphrey,0,M,Estados Unidos
Christoper Perez,0,M,Estados Unidos
Elton Monroe,0,M,Estados Unidos
Wilton Lin,0,M,Estados Unidos
Derrick Daugherty,0,M,Estados Unidos
Roscoe Montgomery,0,M,Estados Unidos
Devin Christian,0,M,Estados Unidos
Jame Sanchez,0,M,Estados Unidos
Elias Gilbert,0,M,Estados Unidos
Randall Joseph,0,M,Estados Unidos
David Elliott,0,M,Estados Unidos
Otha Carlson,0,M,Estados Unidos
Cristopher Robinson,0,M,Estados Unidos
Delbert Pineda,0,M,Estados Unidos
